{"0": [452.42166666666674, 0.016666666666666666, 0.0, 0.0, 0.0], "1": [485.03416666666675, 0.5595833333333333, 0.0, 0.0, 1.0], "2": [493.5170833333334, 0.0, 0.0, 0.0, 2.0], "3": [66.59375, 0.5133333333333333, 0.0, 0.0, 3.0], "4": [367.01375, 96.20499999999998, 0.0, 0.0, 4.0], "5": [535.9445833333334, 95.44291666666666, 0.0, 0.0, 5.0], "6": [666.2491666666668, 0.016666666666666666, 0.0, 0.0, 6.0], "7": [772.3370833333336, 0.3408333333333333, 0.0, 0.0, 7.0], "8": [486.84916666666663, 0.0, 0.0, 0.0, 8.0], "9": [313.6829166666667, 0.0, 0.0, 0.0, 9.0]}