{"0": [743.0366666666669, 0.0, 0.0, 0.0, 0.0], "1": [1187.6620833333336, 0.15208333333333332, 0.0, 0.0, 1.0], "2": [809.6958333333336, 0.0, 0.0, 0.0, 2.0], "3": [778.9187500000003, 0.0, 0.0, 0.0, 3.0], "4": [1307.0020833333333, 81.99125000000001, 0.0, 0.0, 4.0], "5": [637.5850000000002, 0.0, 0.0, 0.0, 5.0], "6": [492.6579166666667, 0.0, 0.0, 0.0, 6.0], "7": [975.8958333333336, 87.87583333333333, 0.0, 0.0, 7.0], "8": [785.4925000000002, 0.03291666666666667, 0.0, 0.0, 8.0], "9": [438.08875000000006, 0.0, 0.0, 0.0, 9.0], "10": [943.5487500000003, 0.55125, 0.0, 0.0, 10.0], "11": [446.91166666666663, 0.5808333333333333, 0.0, 0.0, 11.0], "12": [371.86625000000004, 0.33041666666666664, 0.0, 0.0, 12.0], "13": [473.2479166666667, 0.0, 0.0, 0.0, 13.0], "14": [481.7033333333334, 0.13458333333333333, 0.0, 0.0, 14.0], "15": [120.41791666666667, 0.0, 0.0, 0.0, 15.0]}