{"0": [279.28, 14.536666666666667, 0.0, 0.0, 0.0],
    "1": [579.4379166666668, 34.18291666666667, 0.0, 0.0, 1.0],
    "2": [881.8608333333336, 0.0, 0.0, 0.0, 2.0],
    "3": [519.2495833333335, 0.0, 0.0, 0.0, 3.0],
    "4": [536.0637500000001, 0.06833333333333333, 0.0, 0.0, 4.0],
    "5": [366.70708333333334, 0.0, 0.0, 0.0, 5.0],
    "6": [325.65375, 0.07291666666666667, 0.02041666666666667, 0.0, 6.0],
    "7": [472.5833333333333, 219.2266666666667, 14.474166666666667, 0.0, 7.0], "8": [440.01750000000004, 51.82458333333334, 0.02333333333333333, 0.0, 8.0], "9": [16.966666666666665, 9.66375, 0.0, 0.0, 9.0], "10": [8.988333333333333, 0.0, 0.0, 0.0, 10.0]
    
}
