{"0": [285.8283333333333, 0.0, 0.0, 0.0, 0.0], "1": [1064.2362500000004, 0.0, 0.0, 0.0, 1.0], "2": [1363.3445833333335, 24.54875, 23.015, 0.0, 2.0], "3": [104.88041666666666, 83.79333333333332, 32.89541666666666, 24.672083333333333, 3.0], "4": [719.9054166666668, 0.0, 0.0, 0.0, 4.0], "5": [237.44708333333335, 0.0, 0.0, 0.0, 5.0], "6": [1435.6274999999998, 0.47125, 0.0, 0.0, 6.0], "7": [1183.9945833333336, 59.411249999999995, 6.272916666666666, 0.0, 7.0], "8": [1332.5508333333335, 0.0, 0.0, 0.0, 8.0], "9": [543.8991666666668, 15.986666666666666, 0.0, 0.0, 9.0], "10": [526.0220833333334, 0.0, 0.0, 0.0, 10.0], "11": [28.43541666666667, 0.0, 0.0, 0.0, 11.0]}