{"0": [230.66416666666666, 0.0, 0.0, 0.0, 0.0], "1": [1219.9350000000002, 0.08291666666666667, 0.0, 0.0, 1.0], "2": [310.1670833333333, 0.0, 0.0, 0.0, 2.0], "3": [264.2366666666667, 0.0, 0.0, 0.0, 3.0], "4": [564.5041666666667, 0.0, 0.0, 0.0, 4.0], "5": [116.19333333333333, 0.0, 0.0, 0.0, 5.0], "6": [291.43, 89.2925, 0.12916666666666668, 0.0, 6.0], "7": [717.4620833333335, 269.71833333333336, 42.928333333333335, 41.46083333333333, 7.0], "8": [84.65708333333333, 0.0, 0.0, 0.0, 8.0], "9": [334.235, 0.0, 0.0, 0.0, 9.0], "10": [38.83083333333333, 0.11624999999999999, 0.0, 0.0, 10.0], "11": [1437.0183333333332, 0.0, 0.0, 0.0, 11.0], "12": [170.89249999999998, 0.0, 0.0, 0.0, 12.0], "13": [909.7854166666668, 4.4625, 0.0, 0.0, 13.0]}