{"0": [755.5550000000002, 0.0, 0.0, 0.0, 0.0], "1": [1437.5641666666666, 0.0, 0.0, 0.0, 1.0], "2": [1147.5662500000003, 0.0, 0.0, 0.0, 2.0], "3": [1027.3166666666668, 0.0, 0.0, 0.0, 3.0], "4": [1437.3616666666665, 0.0, 0.0, 0.0, 4.0], "5": [1246.3100000000002, 0.0, 0.0, 0.0, 5.0], "6": [1043.4525000000003, 0.0, 0.0, 0.0, 6.0], "7": [540.8858333333334, 0.0, 0.0, 0.0, 7.0], "8": [295.2966666666666, 0.0, 0.0, 0.0, 8.0], "9": [921.2500000000002, 92.12791666666666, 0.0, 0.0, 9.0], "10": [1122.2154166666667, 967.5966666666665, 295.21458333333334, 57.53333333333334, 10.0], "11": [752.8387500000001, 667.5708333333332, 189.84, 121.30875, 11.0]}