{"0": [573.4520833333333, 217.07166666666666, 0.0020833333333333333, 0.0, 0.0], "1": [711.0912500000001, 260.6816666666667, 0.6045833333333334, 0.0, 1.0], "2": [516.2725, 247.63583333333335, 0.0, 0.0, 2.0], "3": [896.9929166666669, 344.80041666666665, 37.51, 1.4504166666666667, 3.0], "4": [1145.2062500000002, 156.36041666666668, 0.007916666666666666, 0.0, 4.0], "5": [678.7891666666668, 56.200833333333335, 46.103750000000005, 0.0, 5.0], "6": [898.5858333333335, 68.41916666666667, 0.025, 0.0, 6.0], "7": [1206.3683333333333, 30.779999999999998, 0.0, 0.0, 7.0], "8": [506.71083333333337, 105.79833333333333, 0.0, 0.0, 8.0], "9": [772.7362500000002, 86.44166666666668, 27.05625, 0.0, 9.0], "10": [780.0125000000002, 88.77875000000002, 0.5741666666666667, 0.0, 10.0], "11": [311.0858333333333, 1.0954166666666665, 0.0, 0.0, 11.0], "12": [782.9154166666669, 82.35541666666667, 11.724166666666665, 0.0, 12.0], "13": [756.6454166666668, 280.20374999999996, 0.0, 0.0, 13.0], "14": [777.5683333333335, 73.02499999999999, 2.36125, 0.0, 14.0], "15": [477.20166666666677, 104.90583333333333, 0.0, 0.0, 15.0]}