{"0": [445.62333333333333, 0.07541666666666667, 0.0, 0.0, 0.0], "1": [547.6754166666667, 0.0, 0.0, 0.0, 1.0], "2": [0.4979166666666667, 0.0, 0.0, 0.0, 2.0], "3": [929.6004166666669, 0.0, 0.0, 0.0, 3.0], "4": [757.8091666666668, 73.44416666666666, 24.69458333333333, 24.53708333333333, 4.0], "5": [1438.2358333333332, 456.6829166666667, 179.96375, 159.41458333333333, 5.0], "6": [1090.9925, 60.01458333333333, 0.0, 0.0, 6.0], "7": [564.3216666666668, 0.0, 0.0, 0.0, 7.0], "8": [408.96250000000003, 0.5179166666666667, 0.035, 0.016666666666666666, 8.0], "9": [562.6450000000001, 19.98, 0.0, 0.0, 9.0], "10": [464.0479166666667, 0.0, 0.0, 0.0, 10.0], "11": [566.2133333333334, 0.49625, 0.0, 0.0, 11.0], "12": [518.8487500000001, 37.43208333333333, 0.08833333333333333, 0.0, 12.0], "13": [801.1741666666669, 42.85958333333334, 0.0, 0.0, 13.0], "14": [1264.86875, 0.0, 0.0, 0.0, 14.0], "15": [252.5091666666667, 0.09958333333333333, 0.0, 0.0, 15.0], "16": [56.468333333333334, 0.0, 0.0, 0.0, 16.0]}