{"0": [41.11541666666667, 0.0, 0.0, 0.0, 0.0], "1": [1306.8166666666668, 56.5375, 0.0, 0.0, 1.0], "2": [589.4887500000001, 0.0, 0.0, 0.0, 2.0], "3": [453.79958333333343, 0.0, 0.0, 0.0, 3.0], "4": [482.6608333333334, 0.33999999999999997, 0.0, 0.0, 4.0], "5": [825.5837500000002, 0.0, 0.0, 0.0, 5.0], "6": [738.6687500000002, 152.9425, 0.29916666666666664, 0.0, 6.0], "7": [1031.8787500000003, 623.2712500000001, 31.74291666666667, 0.025, 7.0], "8": [462.00124999999997, 344.75708333333336, 28.973333333333333, 28.160833333333333, 8.0], "9": [1235.7220833333333, 680.75875, 122.15416666666665, 50.198750000000004, 9.0], "10": [1079.9491666666668, 660.8479166666667, 201.95833333333331, 109.66416666666666, 10.0], "11": [824.2308333333335, 150.50833333333333, 57.64041666666667, 4.978750000000001, 11.0], "12": [1181.6358333333335, 705.7570833333333, 200.33708333333334, 7.555416666666667, 12.0], "13": [164.23791666666665, 106.08458333333333, 19.1025, 0.0, 13.0], "14": [1371.5883333333334, 432.72958333333327, 93.85416666666667, 90.88000000000001, 14.0], "15": [67.41833333333334, 31.749166666666667, 0.0, 0.0, 15.0], "16": [1439.97625, 243.6733333333333, 60.24791666666666, 0.0, 16.0], "17": [886.2158333333335, 109.71208333333333, 0.0037500000000000003, 0.0, 17.0], "18": [63.33416666666667, 47.650416666666665, 2.85875, 0.0, 18.0], "19": [1283.81875, 640.6516666666665, 243.4433333333333, 0.00625, 19.0], "20": [60.06666666666666, 9.704583333333334, 0.0, 0.0, 20.0]}