{"0": [66.56333333333333, 0.0, 0.0, 0.0, 0.0], "1": [1297.4750000000001, 8.213333333333333, 0.0, 0.0, 1.0], "2": [765.2137500000002, 0.0, 0.0, 0.0, 2.0], "3": [655.0537500000002, 0.05875, 0.33875, 0.0, 3.0], "4": [353.7804166666667, 0.34875, 0.0, 0.0, 4.0], "5": [732.9429166666667, 0.45708333333333334, 0.0, 0.0, 5.0], "6": [1437.3995833333333, 730.3520833333333, 189.22625000000002, 117.63958333333335, 6.0], "7": [1439.4579166666667, 763.7245833333333, 124.64500000000001, 19.385833333333334, 7.0], "8": [1438.7612499999998, 827.5550000000001, 127.37375000000002, 56.03666666666666, 8.0], "9": [1439.27875, 708.3783333333333, 127.37, 41.704166666666666, 9.0], "10": [1393.553333333333, 783.9487500000001, 122.94166666666668, 52.28208333333333, 10.0], "11": [1292.02375, 581.8379166666666, 119.35291666666667, 42.99166666666667, 11.0], "12": [965.9704166666669, 72.4525, 0.0, 0.0, 12.0], "13": [179.97583333333336, 143.9425, 14.452916666666667, 13.875416666666666, 13.0]}