{"0": [198.44666666666666, 0.0, 0.0, 0.0, 0.0], "1": [365.19, 0.0, 0.0, 0.0, 1.0], "2": [401.92833333333334, 0.0, 0.0, 0.0, 2.0], "3": [188.72541666666666, 0.005416666666666667, 0.0, 0.0, 3.0], "4": [39.02291666666667, 0.0, 0.0, 0.0, 4.0], "5": [1391.9941666666668, 336.05583333333334, 297.4483333333334, 290.8591666666667, 5.0], "6": [890.0966666666668, 161.94374999999997, 71.33958333333332, 70.01083333333334, 6.0], "7": [1270.1525, 0.7316666666666667, 0.0, 0.0, 7.0], "8": [419.9075000000001, 0.0, 0.0, 0.0, 8.0], "9": [291.96958333333333, 0.0, 0.0, 0.0, 9.0], "10": [388.31541666666675, 0.0, 0.0, 0.0, 10.0], "11": [456.5958333333334, 0.06791666666666667, 0.0, 0.0, 11.0], "12": [579.8720833333335, 0.0, 0.0, 0.0, 12.0], "13": [570.9166666666667, 203.9925, 11.296249999999999, 0.03291666666666667, 13.0], "14": [380.59916666666663, 0.0, 0.0, 0.0, 14.0], "15": [98.845, 0.0, 0.0, 0.0, 15.0]}