{"0": [838.1920833333335, 0.3254166666666667, 0.0, 0.0, 0.0], "1": [1439.1433333333332, 0.0, 0.0, 0.0, 1.0], "2": [1437.7949999999998, 0.0, 0.0, 0.0, 2.0], "3": [1439.9641666666666, 0.0, 0.0, 0.0, 3.0], "4": [806.0620833333336, 99.1, 14.1625, 0.0, 4.0], "5": [88.54083333333332, 0.0, 0.0, 0.0, 5.0], "6": [973.261666666667, 5.009166666666667, 0.0, 0.0, 6.0], "7": [400.5354166666667, 0.0, 0.0, 0.0, 7.0], "8": [1398.5729166666665, 0.0, 0.0, 0.0, 8.0], "9": [1437.9054166666665, 0.0, 0.0, 0.0, 9.0], "10": [488.8433333333334, 232.97541666666666, 14.42125, 13.879583333333333, 10.0], "11": [230.69458333333333, 6.830416666666666, 6.526666666666667, 0.0, 11.0], "12": [1439.9729166666666, 822.2708333333333, 112.25708333333333, 67.89000000000001, 12.0], "13": [204.01458333333335, 15.52125, 0.21125000000000002, 0.0, 13.0]}